{
    "Palo Alto": [37.4209651, -122.1378629],
    "49er Stadium": [37.4078306, -121.9624929],
    "Fremont": [37.532090, -121.979929],
    "Belmont": [37.514538, -122.285832],
    "San Francisco": [37.768001, -122.405897],
    "Gilroy": [37.025042, -121.568284],
    "Oakland": [37.826327, -122.277334]
}