{
    "Foster City": [37.553189, -122.295825],
    "Redwood City": [37.481178, -122.219132],
    "Palo Alto": [37.423052, -122.142027],
    "Mountain View": [37.380340, -122.073074],
    "Cupritino": [37.322851, -122.032251],
    "Santa Clara": [37.352369, -121.954516],
    "Campbell": [37.287062, -121.949868],
    "Los Gatos": [37.234527, -121.970845],
    "San Jose": [37.330907, -121.892084],
    "Alum Rock": [37.375731, -121.821058],
    "Alviso": [37.426062, -121.976091],
    "Milpitas": [37.435870, -121.883016],
    "Fremont": [37.540697, -121.973051]
}
